CLUES,UNIDAD,REGION,MUNICIPIO,NIVEL
HGIMB000151,HOSPITAL GENERAL ACTOPAN,ACTOPAN,ACTOPAN,2
HGIMB000163,ACTOPAN,ACTOPAN,ACTOPAN,1
HGIMB000175,BOXAXNI,ACTOPAN,ACTOPAN,1
HGIMB000180,BOXTHA,ACTOPAN,ACTOPAN,1
HGIMB000192,CAÑADA CHICA ANTIGUA,ACTOPAN,ACTOPAN,1
HGIMB000204,CHICAVASCO,ACTOPAN,ACTOPAN,1
HGIMB000216,DAJIEDHI,ACTOPAN,ACTOPAN,1
HGIMB000221,LA ESTANCIA,ACTOPAN,ACTOPAN,1
HGIMB000233,HUAXTHO,ACTOPAN,ACTOPAN,1
HGIMB000245,SANTA MARÍA MAGDALENA,ACTOPAN,ACTOPAN,1
HGIMB000250,SAN ANDRÉS TIANGUISTENGO,ACTOPAN,ACTOPAN,1
HGIMB004182,CAÑADA CHICA AVIACION,ACTOPAN,ACTOPAN,1
HGIMB004421,VICENTE GUERRERO,ACTOPAN,AJACUBA,1
HGIMB004626,CENTRO DE SALUD SAN NICOLÁS TECOMATLÁN,ACTOPAN,AJACUBA,1
HGIMB004701,AJACUBA,ACTOPAN,AJACUBA,1
HGIMB000373,ARENAL,ACTOPAN,EL ARENAL,1
HGIMB000385,OJO DE AGUA SAN JOSÉ TEPENENE,ACTOPAN,EL ARENAL,1
HGIMB000390,RINCÓN,ACTOPAN,EL ARENAL,1
HGIMB000402,SAN JOSÉ TEPENENE TEPENENE,ACTOPAN,EL ARENAL,1
HGIMB004433,EL JIADI,ACTOPAN,EL ARENAL,1
HGIMB001102,TEPATEPEC,ACTOPAN,FRANCISCO I. MADERO,1
HGIMB001114,DENGANTZHA,ACTOPAN,FRANCISCO I. MADERO,1
HGIMB001126,LÁZARO CÁRDENAS COLONIA EL MEXE,ACTOPAN,FRANCISCO I. MADERO,1
HGIMB001131,EL ROSARÍO,ACTOPAN,FRANCISCO I. MADERO,1
HGIMB001143,SAN JUAN TEPA,ACTOPAN,FRANCISCO I. MADERO,1
HGIMB001966,CENTRO DE SALUD TAXHUADA,ACTOPAN,MIXQUIAHUALA DE JUÁREZ,1
HGIMB001971,CAÑADA,ACTOPAN,MIXQUIAHUALA DE JUÁREZ,1
HGIMB001983,JAGUEY BLANCO,ACTOPAN,MIXQUIAHUALA DE JUÁREZ,1
HGIMB001995,MOTOBATHA,ACTOPAN,MIXQUIAHUALA DE JUÁREZ,1
HGIMB002000,COLONIA PALMILLAS,ACTOPAN,MIXQUIAHUALA DE JUÁREZ,1
HGIMB002012,COLONIA TEÑHE,ACTOPAN,MIXQUIAHUALA DE JUÁREZ,1
HGIMB002024,COLONIA VERACRUZ,ACTOPAN,MIXQUIAHUALA DE JUÁREZ,1
HGIMB002036,HOSPITAL INTEGRAL CINTA LARGA,ACTOPAN,MIXQUIAHUALA DE JUÁREZ,2
HGIMB004520,CENTRO DE SALUD DE MIXQUIAHUALA,ACTOPAN,MIXQUIAHUALA DE JUÁREZ,1
HGIMB002514,SAN AGUSTÍN TLAXIACA,ACTOPAN,SAN AGUSTÍN TLAXIACA,1
HGIMB002526,IXCUINQUITLAPILCO,ACTOPAN,SAN AGUSTÍN TLAXIACA,1
HGIMB002531,PUERTO MÉXICO,ACTOPAN,SAN AGUSTÍN TLAXIACA,1
HGIMB002543,SAN JUAN SOLIS,ACTOPAN,SAN AGUSTÍN TLAXIACA,1
HGIMB002555,SAN JUAN TILCUAUTLA,ACTOPAN,SAN AGUSTÍN TLAXIACA,1
HGIMB002560,SAN MIGUEL TORNACUXTLA,ACTOPAN,SAN AGUSTÍN TLAXIACA,1
HGIMB002625,CAÑADA GRANDE,ACTOPAN,SAN SALVADOR,1
HGIMB002630,DEXTHO DE VICTORIA,ACTOPAN,SAN SALVADOR,1
HGIMB002642,PACHECO DE ALLENDE,ACTOPAN,SAN SALVADOR,1
HGIMB002654,SAN ANTONIO ZARAGOZA,ACTOPAN,SAN SALVADOR,1
HGIMB002666,SAN MIGUEL ACAMBAY,ACTOPAN,SAN SALVADOR,1
HGIMB002671,SANTA MARÍA AMAJAC,ACTOPAN,SAN SALVADOR,1
HGIMB002683,TEOFANI,ACTOPAN,SAN SALVADOR,1
HGIMB002695,CAXUXI,ACTOPAN,SAN SALVADOR,1
HGIMB002700,EL PUERTO LÁZARO CÁRDENAS,ACTOPAN,SAN SALVADOR,1
HGIMB004305,POXINDEJE DE MORELOS,ACTOPAN,SAN SALVADOR,1
HGIMB004614,CENTRO DE SALUD XUCHITLAN,ACTOPAN,SAN SALVADOR,1
HGIMB000332,EL TEPOZAN,APAN,ALMOLOYA,1
HGIMB005010,CENTRO DE SALUD ALMOLOYA,APAN,ALMOLOYA,1
HGIMB000344,CHIMALPA TLALAYOTE,APAN,APAN,1
HGIMB000356,SAN JOSÉ JIQUILPAN,APAN,APAN,1
HGIMB000361,ZOTOLUCA VELOZ,APAN,APAN,1
HGIMB004766,CENTRO DE SALUD APAN,APAN,APAN,1
HGIMB004800,HOSPITAL GENERAL DE APAN,APAN,APAN,2
HGIMB004865,LA LAGUNA,APAN,APAN,1
HGIMB001032,EMILIANO ZAPATA,APAN,EMILIANO ZAPATA,1
HGIMB001044,SANTA BÁRBARA,APAN,EMILIANO ZAPATA,1
HGIMB001056,SANTA CLARA PROGRESO,APAN,EMILIANO ZAPATA,1
HGIMB001061,JOSÉ MARÍA MORELOS SAN JOSÉ,APAN,EMILIANO ZAPATA,1
HGIMB001073,EPAZOYUCAN,APAN,EPAZOYUCAN,1
HGIMB001085,SAN JUAN TIZAHUAPAN,APAN,EPAZOYUCAN,1
HGIMB001090,SANTA MONICA,APAN,EPAZOYUCAN,1
HGIMB002490,PACHUQUILLA,APAN,MINERAL DE LA REFORMA,1
HGIMB002502,LA PROVIDENCIA,APAN,MINERAL DE LA REFORMA,1
HGIMB004276,DOS CARLOS PUEBLO NUEVO,APAN,MINERAL DE LA REFORMA,1
HGIMB004281,COL. ÁVILA CAMACHO,APAN,MINERAL DE LA REFORMA,1
HGIMB004293,EL SAUCILLO,APAN,MINERAL DE LA REFORMA,1
HGIMB004585,CENTRO DE SALUD SANTA MARÍA LA CALERA,APAN,MINERAL DE LA REFORMA,1
HGIMB004993,AZOYATLA,APAN,MINERAL DE LA REFORMA,1
HGIMB002811,SINGUILUCAN,APAN,SINGUILUCAN,1
HGIMB002823,MATIAS RODRÍGUEZ,APAN,SINGUILUCAN,1
HGIMB002835,PLUTARCO ELIAS CALLES,APAN,SINGUILUCAN,1
HGIMB002992,LOS CIDES,APAN,TEPEAPULCO,1
HGIMB003004,IROLO,APAN,TEPEAPULCO,1
HGIMB003016,SAN MIGUEL ALLENDE,APAN,TEPEAPULCO,1
HGIMB003021,TULTENGO,APAN,TEPEAPULCO,1
HGIMB004754,CENTRO DE SALUD TEPEAPULCO,APAN,TEPEAPULCO,1
HGIMB003523,TLANALAPA,APAN,TLANALAPA,1
HGIMB003535,CHICONCUAC,APAN,TLANALAPA,1
HGIMB000431,HOSPITAL INTEGRAL ATLAPEXCO,HUASTECA,ATLAPEXCO,2
HGIMB000443,ATLAPEXCO,HUASTECA,ATLAPEXCO,1
HGIMB000455,COCHISCOATITLA,HUASTECA,ATLAPEXCO,1
HGIMB000460,HUITZOTLACO,HUASTECA,ATLAPEXCO,1
HGIMB000472,PAHACTLA,HUASTECA,ATLAPEXCO,1
HGIMB000484,TECACAHUACO,HUASTECA,ATLAPEXCO,1
HGIMB000496,TENEXCO I,HUASTECA,ATLAPEXCO,1
HGIMB004211,ITZOACAL,HUASTECA,ATLAPEXCO,1
HGIMB004713,CENTRO DE SALUD RURAL-1 ATOTOMOC,HUASTECA,ATLAPEXCO,1
HGIMB000566,CALNALI,HUASTECA,CALNALI,1
HGIMB000571,COYULA,HUASTECA,CALNALI,1
HGIMB000583,PAPATLATLA,HUASTECA,CALNALI,1
HGIMB000595,PEZMATLAN,HUASTECA,CALNALI,1
HGIMB000600,SANTA LUCIA MESA DE SANTA LUCIA,HUASTECA,CALNALI,1
HGIMB001160,HUAUTLA,HUASTECA,HUAUTLA,1
HGIMB001172,ACATEPEC,HUASTECA,HUAUTLA,1
HGIMB001184,COATZONCO,HUASTECA,HUAUTLA,1
HGIMB001196,CHALINGO,HUASTECA,HUAUTLA,1
HGIMB001201,TAMOYON I,HUASTECA,HUAUTLA,1
HGIMB001213,TECOLUCO CALPAN,HUASTECA,HUAUTLA,1
HGIMB001225,CENTRO DE SALUD TZACUALA,HUASTECA,HUAUTLA,1
HGIMB001230,ZACATIPA,HUASTECA,HUAUTLA,1
HGIMB005466,CARAVANA 1 HUAHUTLA,HUASTECA,HUAUTLA,3
HGIMB001242,HUAZALINGO,HUASTECA,HUAZALINGO,1
HGIMB001254,SAN FRANCISCO,HUASTECA,HUAZALINGO,1
HGIMB004730,CENTRO DE SALUD RURAL 01 IXTLAHUAC,HUASTECA,HUAZALINGO,1
HGIMB005285,CARAVANA 1 HUAZALINGO,HUASTECA,HUAZALINGO,3
HGIMB005495,CARAVANA 4 HUAZALINGO,HUASTECA,HUAZALINGO,3
HGIMB001300,CUAPAXTITLA,HUASTECA,HUEJUTLA DE REYES,1
HGIMB001312,IXCATEPEC,HUASTECA,HUEJUTLA DE REYES,1
HGIMB001324,IXTLÁHUAC,HUASTECA,HUEJUTLA DE REYES,1
HGIMB001336,LOS OTATES,HUASTECA,HUEJUTLA DE REYES,1
HGIMB001341,PAHUATLAN,HUASTECA,HUEJUTLA DE REYES,1
HGIMB001353,SANTA CATARINA,HUASTECA,HUEJUTLA DE REYES,1
HGIMB001365,TEACAL,HUASTECA,HUEJUTLA DE REYES,1
HGIMB001370,TEHUETLAN,HUASTECA,HUEJUTLA DE REYES,1
HGIMB001382,LAS CHACAS,HUASTECA,HUEJUTLA DE REYES,1
HGIMB004252,RANCHO VIEJO,HUASTECA,HUEJUTLA DE REYES,1
HGIMB004556,CENTRO DE SALUD HUEJUTLA,HUASTECA,HUEJUTLA DE REYES,1
HGIMB004725,CENTRO DE SALUD URBANO 2 PARQUE DE POBLAMIENTO,HUASTECA,HUEJUTLA DE REYES,1
HGIMB004812,HOSPITAL GENERAL DE LA HUASTECA,HUASTECA,HUEJUTLA DE REYES,2
HGIMB005092,CARAVANA HUEJUTLA,HUASTECA,HUEJUTLA DE REYES,3
HGIMB005104,CARAVANAS DE LA SALUD,HUASTECA,HUEJUTLA DE REYES,3
HGIMB005116,CARAVANA TEHUETLAN 1,HUASTECA,HUEJUTLA DE REYES,3
HGIMB005121,CARAVANA IXTLAHUAC,HUASTECA,HUEJUTLA DE REYES,3
HGIMB005133,CARAVANA LAS CHACAS,HUASTECA,HUEJUTLA DE REYES,3
HGIMB001732,JALTOCAN,HUASTECA,JALTOCÁN,1
HGIMB005384,CARAVANA 2 JALTOCAN,HUASTECA,JALTOCÁN,3
HGIMB001756,LOLOTLA,HUASTECA,LOLOTLA,1
HGIMB001761,CHALMA,HUASTECA,LOLOTLA,1
HGIMB001773,CHANTASCO,HUASTECA,LOLOTLA,1
HGIMB001785,CHICONCOAC,HUASTECA,LOLOTLA,1
HGIMB002041,MOLANGO,HUASTECA,MOLANGO DE ESCAMILLA,1
HGIMB002053,ACAYUCA,HUASTECA,MOLANGO DE ESCAMILLA,1
HGIMB002065,IXCUICUILA,HUASTECA,MOLANGO DE ESCAMILLA,1
HGIMB002070,SAN ANTONIO,HUASTECA,MOLANGO DE ESCAMILLA,1
HGIMB004532,UNIDAD MÉDICA DE MOLANGO,HUASTECA,MOLANGO DE ESCAMILLA,1
HGIMB002193,SAN FELIPE ORIZATLAN,HUASTECA,SAN FELIPE ORIZATLÁN,1
HGIMB002205,AHUATITLA,HUASTECA,SAN FELIPE ORIZATLÁN,1
HGIMB002210,NEXPA,HUASTECA,SAN FELIPE ORIZATLÁN,1
HGIMB002222,LAS PIEDRAS MICROPOLIS ECOLOGICA,HUASTECA,SAN FELIPE ORIZATLÁN,1
HGIMB002234,TALOL,HUASTECA,SAN FELIPE ORIZATLÁN,1
HGIMB002246,EL CARRIZAL,HUASTECA,SAN FELIPE ORIZATLÁN,1
HGIMB002251,LOS HUMOS,HUASTECA,SAN FELIPE ORIZATLÁN,1
HGIMB003033,TEPEHUACAN DE GUERRERO,HUASTECA,TEPEHUACÁN DE GUERRERO,1
HGIMB003045,ACUIMANTLA,HUASTECA,TEPEHUACÁN DE GUERRERO,1
HGIMB003050,AMOLA DE OCAMPO,HUASTECA,TEPEHUACÁN DE GUERRERO,1
HGIMB003062,AQUILASTEC,HUASTECA,TEPEHUACÁN DE GUERRERO,1
HGIMB003074,SAN MIGUEL AYOTEMPA,HUASTECA,TEPEHUACÁN DE GUERRERO,1
HGIMB003086,CUAZAHUATL,HUASTECA,TEPEHUACÁN DE GUERRERO,1
HGIMB003091,PETLAPIXCA,HUASTECA,TEPEHUACÁN DE GUERRERO,1
HGIMB003103,LA REFORMA,HUASTECA,TEPEHUACÁN DE GUERRERO,1
HGIMB003115,TAMALA,HUASTECA,TEPEHUACÁN DE GUERRERO,1
HGIMB003120,TEXCAPA DE GUERRERO,HUASTECA,TEPEHUACÁN DE GUERRERO,1
HGIMB003132,XILITLA,HUASTECA,TEPEHUACÁN DE GUERRERO,1
HGIMB003144,ZACUALTIPANITO,HUASTECA,TEPEHUACÁN DE GUERRERO,1
HGIMB004923,SAN ANDRÉS,HUASTECA,TEPEHUACÁN DE GUERRERO,1
HGIMB004935,CAHUAZAZ DE MORELOS,HUASTECA,TEPEHUACÁN DE GUERRERO,1
HGIMB004940,TENANGO,HUASTECA,TEPEHUACÁN DE GUERRERO,1
HGIMB005290,CARAVANA 2 TEPEHUACAN DE GUERRERO,HUASTECA,TEPEHUACÁN DE GUERRERO,3
HGIMB003540,TLANCHINOL,HUASTECA,TLANCHINOL,1
HGIMB003552,ACAHUASCO,HUASTECA,TLANCHINOL,1
HGIMB003564,ACATIPA,HUASTECA,TLANCHINOL,1
HGIMB003576,CHICHATLA,HUASTECA,TLANCHINOL,1
HGIMB003581,CHIPOCO,HUASTECA,TLANCHINOL,1
HGIMB003593,PUEBLO HIDALGO,HUASTECA,TLANCHINOL,1
HGIMB003605,HUITEPEC,HUASTECA,TLANCHINOL,1
HGIMB003610,JALPA,HUASTECA,TLANCHINOL,1
HGIMB003622,OLOTLA,HUASTECA,TLANCHINOL,1
HGIMB003634,PILCUATLA,HUASTECA,TLANCHINOL,1
HGIMB003646,SANTA LUCIA,HUASTECA,TLANCHINOL,1
HGIMB003651,SANTA MARÍA CATZOTIPAN SANTA MARÍA TEPETZINTLA,HUASTECA,TLANCHINOL,1
HGIMB003663,TEMANGO,HUASTECA,TLANCHINOL,1
HGIMB004795,HOSPITAL INTEGRAL DE TLANCHINOL,HUASTECA,TLANCHINOL,2
HGIMB004911,SAN JOSÉ,HUASTECA,TLANCHINOL,1
HGIMB005302,CARAVANA 3 TLANCHINOL,HUASTECA,TLANCHINOL,3
HGIMB003902,ATLALCO,HUASTECA,XOCHIATIPAN,1
HGIMB003914,CHIAPA,HUASTECA,XOCHIATIPAN,1
HGIMB003926,IXTACZOQUICO,HUASTECA,XOCHIATIPAN,1
HGIMB003931,OHUATIPA,HUASTECA,XOCHIATIPAN,1
HGIMB003943,PACHIQUITLA,HUASTECA,XOCHIATIPAN,1
HGIMB005162,CARAVANA ATLAJCO,HUASTECA,XOCHIATIPAN,3
HGIMB005471,CARAVANA 4 XOCHIATIPAN,HUASTECA,XOCHIATIPAN,3
HGIMB003972,YAHUALICA,HUASTECA,YAHUALICA,1
HGIMB003984,EL ARENAL,HUASTECA,YAHUALICA,1
HGIMB003996,ATLALCO,HUASTECA,YAHUALICA,1
HGIMB004001,OXELOCO,HUASTECA,YAHUALICA,1
HGIMB004013,TETLA,HUASTECA,YAHUALICA,1
HGIMB004025,TLALCHIYAHUALICA,HUASTECA,YAHUALICA,1
HGIMB004030,XOCHITL,HUASTECA,YAHUALICA,1
HGIMB005454,CARAVANA 5 YAHUALICA,HUASTECA,YAHUALICA,3
HGSSA018151,CENTRO DE SALUD SANTA TERESA,HUASTECA,YAHUALICA,1
HGIMB000291,LA SALITRERA,IXMIQUILPAN,ALFAJAYUCAN,1
HGIMB000303,SAN FRANCISCO SACACHICHILCO,IXMIQUILPAN,ALFAJAYUCAN,1
HGIMB000315,SAN PABLO OXTOTIPAN,IXMIQUILPAN,ALFAJAYUCAN,1
HGIMB000320,SANTA MARÍA XIGUI,IXMIQUILPAN,ALFAJAYUCAN,1
HGIMB004870,ALFAJAYUCAN,IXMIQUILPAN,ALFAJAYUCAN,1
HGSSA018064,CARAVANA 1 ALFAJAYUCAN,IXMIQUILPAN,ALFAJAYUCAN,3
HGIMB000612,CARDONAL,IXMIQUILPAN,CARDONAL,1
HGIMB000624,EL BINGU,IXMIQUILPAN,CARDONAL,1
HGIMB000636,EL BUENA,IXMIQUILPAN,CARDONAL,1
HGIMB000641,CIENEGUILLA,IXMIQUILPAN,CARDONAL,1
HGIMB000653,EL DECA,IXMIQUILPAN,CARDONAL,1
HGIMB000665,LA MESA,IXMIQUILPAN,CARDONAL,1
HGIMB000670,POZUELOS,IXMIQUILPAN,CARDONAL,1
HGIMB000682,SAN ANDRÉS DABOXTHA,IXMIQUILPAN,CARDONAL,1
HGIMB000694,SAN ANTONIO SABANILLAS,IXMIQUILPAN,CARDONAL,1
HGIMB000706,SAN CRISTÓBAL,IXMIQUILPAN,CARDONAL,1
HGIMB000711,SAN MIGUEL TLAZINTLA,IXMIQUILPAN,CARDONAL,1
HGIMB000723,SAN MIGUEL JIGUI,IXMIQUILPAN,CARDONAL,1
HGIMB000735,SANTA TERESA DABOXTHA,IXMIQUILPAN,CARDONAL,1
HGIMB000740,SANTUARIO MAPETHÉ,IXMIQUILPAN,CARDONAL,1
HGIMB000752,EL SAUZ JUXMAYE,IXMIQUILPAN,CARDONAL,1
HGIMB000764,EL TIXQUI,IXMIQUILPAN,CARDONAL,1
HGIMB005430,CARAVANA 1 CARDONAL,IXMIQUILPAN,CARDONAL,3
HGIMB000950,CHILCUAUTLA,IXMIQUILPAN,CHILCUAUTLA,1
HGIMB000962,EL DADHO,IXMIQUILPAN,CHILCUAUTLA,1
HGIMB000974,HUITEXCALCO DE MORELOS,IXMIQUILPAN,CHILCUAUTLA,1
HGIMB000986,SANTA ANA BATHA,IXMIQUILPAN,CHILCUAUTLA,1
HGIMB000991,TEXCATEPEC,IXMIQUILPAN,CHILCUAUTLA,1
HGIMB004240,BETHÍ,IXMIQUILPAN,CHILCUAUTLA,1
HGIMB001394,HOSPITAL GENERAL HUICHAPAN,IXMIQUILPAN,HUICHAPAN,2
HGIMB001406,HUICHAPAN,IXMIQUILPAN,HUICHAPAN,1
HGIMB001411,DANTZIBOJAY,IXMIQUILPAN,HUICHAPAN,1
HGIMB001423,LLANO LARGO,IXMIQUILPAN,HUICHAPAN,1
HGIMB001435,MAMITHI,IXMIQUILPAN,HUICHAPAN,1
HGIMB001440,MANEY,IXMIQUILPAN,HUICHAPAN,1
HGIMB001452,SAN JOSÉ ATLAN,IXMIQUILPAN,HUICHAPAN,1
HGIMB001464,TAGUI,IXMIQUILPAN,HUICHAPAN,1
HGIMB001476,TLAXCALILLA,IXMIQUILPAN,HUICHAPAN,1
HGIMB005401,CARAVANA 3 TECOZAUTLA,IXMIQUILPAN,HUICHAPAN,3
HGIMB005413,CARAVANA 5 TECOZAUTLA,IXMIQUILPAN,HUICHAPAN,3
HGIMB005425,CARAVANA 2 NOPALA DE VILLAGRÁN,IXMIQUILPAN,HUICHAPAN,3
HGIMB001481,HOSPITAL GENERAL DEL VALLE DEL MEZQUITAL IXMIQUILPAN,IXMIQUILPAN,IXMIQUILPAN,2
HGIMB001493,IXMIQUILPAN,IXMIQUILPAN,IXMIQUILPAN,1
HGIMB001505,EL ALBERTO,IXMIQUILPAN,IXMIQUILPAN,1
HGIMB001510,CUESTA COLORADA,IXMIQUILPAN,IXMIQUILPAN,1
HGIMB001522,EL DEFAY,IXMIQUILPAN,IXMIQUILPAN,1
HGIMB001534,DEXTHI SAN JUANICO,IXMIQUILPAN,IXMIQUILPAN,1
HGIMB001546,DIOS PADRE,IXMIQUILPAN,IXMIQUILPAN,1
HGIMB001551,EL ESPIRITU,IXMIQUILPAN,IXMIQUILPAN,1
HGIMB001563,IGNACIO LÓPEZ RAYON,IXMIQUILPAN,IXMIQUILPAN,1
HGIMB001575,JULIÁN VILLAGRAN,IXMIQUILPAN,IXMIQUILPAN,1
HGIMB001580,LA LAGUNITA,IXMIQUILPAN,IXMIQUILPAN,1
HGIMB001592,MAGUEY BLANCO,IXMIQUILPAN,IXMIQUILPAN,1
HGIMB001604,ORIZABITA,IXMIQUILPAN,IXMIQUILPAN,1
HGIMB001616,PANALES,IXMIQUILPAN,IXMIQUILPAN,1
HGIMB001621,PUEBLO NUEVO,IXMIQUILPAN,IXMIQUILPAN,1
HGIMB001633,REMEDIOS,IXMIQUILPAN,IXMIQUILPAN,1
HGIMB001645,SAN JUANICO,IXMIQUILPAN,IXMIQUILPAN,1
HGIMB001650,TAXADHO,IXMIQUILPAN,IXMIQUILPAN,1
HGIMB001662,EL TEPHE,IXMIQUILPAN,IXMIQUILPAN,1
HGIMB001674,COLONIA GENERAL FELIPE ÁNGELES,IXMIQUILPAN,IXMIQUILPAN,1
HGIMB004445,EL NITH,IXMIQUILPAN,IXMIQUILPAN,1
HGIMB004503,EL TABLON,IXMIQUILPAN,IXMIQUILPAN,1
HGIMB004515,CERRITOS,IXMIQUILPAN,IXMIQUILPAN,1
HGIMB002473,PROGRESO,IXMIQUILPAN,PROGRESO DE OBREGÓN,1
HGIMB002485,XOCHITLAN,IXMIQUILPAN,PROGRESO DE OBREGÓN,1
HGIMB002712,SANTIAGO DE ANAYA,IXMIQUILPAN,SANTIAGO DE ANAYA,1
HGIMB002724,CERRITOS,IXMIQUILPAN,SANTIAGO DE ANAYA,1
HGIMB002736,EL ENCINO,IXMIQUILPAN,SANTIAGO DE ANAYA,1
HGIMB002741,GUERRERO,IXMIQUILPAN,SANTIAGO DE ANAYA,1
HGIMB002753,MEZQUITAL,IXMIQUILPAN,SANTIAGO DE ANAYA,1
HGIMB002765,PATRIA NUEVA,IXMIQUILPAN,SANTIAGO DE ANAYA,1
HGIMB002770,SANTA MONICA,IXMIQUILPAN,SANTIAGO DE ANAYA,1
HGIMB002782,YOLOTEPEC,IXMIQUILPAN,SANTIAGO DE ANAYA,1
HGIMB002840,TASQUILLO,IXMIQUILPAN,TASQUILLO,1
HGIMB002852,CANDELARIA,IXMIQUILPAN,TASQUILLO,1
HGIMB002864,DANGHU,IXMIQUILPAN,TASQUILLO,1
HGIMB004310,MUNTZI,IXMIQUILPAN,TASQUILLO,1
HGIMB002876,TECOZAUTLA,IXMIQUILPAN,TECOZAUTLA,1
HGIMB002881,LA MESILLA,IXMIQUILPAN,TECOZAUTLA,1
HGIMB002893,EL SALTO,IXMIQUILPAN,TECOZAUTLA,1
HGIMB002905,SAN ANTONIO,IXMIQUILPAN,TECOZAUTLA,1
HGIMB002910,SAN FRANCISCO,IXMIQUILPAN,TECOZAUTLA,1
HGIMB002922,SAN JOAQUÍN,IXMIQUILPAN,TECOZAUTLA,1
HGIMB002934,SAN MIGUEL CALTEPANTLA,IXMIQUILPAN,TECOZAUTLA,1
HGIMB002946,UXDEJHE,IXMIQUILPAN,TECOZAUTLA,1
HGIMB004655,CENTRO DE SALUD BOMANXOTHA,IXMIQUILPAN,TECOZAUTLA,1
HGIMB004894,LA ESQUINA,IXMIQUILPAN,TECOZAUTLA,1
HGIMB000501,CERRO COLORADO,METZTITLÁN,ATOTONILCO EL GRANDE,1
HGIMB000513,LOS SABINOS,METZTITLÁN,ATOTONILCO EL GRANDE,1
HGIMB004590,CENTRO DE SALUD SANTA MARÍA AMAJAC,METZTITLÁN,ATOTONILCO EL GRANDE,1
HGIMB004771,CENTRO DE SALUD LEOPOLDO SANTILLAN SOBERANES,METZTITLÁN,ATOTONILCO EL GRANDE,1
HGIMB005203,CARAVANA 1 ATOTONILCO ELGRANDE,METZTITLÁN,ATOTONILCO EL GRANDE,3
HGIMB005215,CARAVANA 2 ATOTONILCO ELGRANDE,METZTITLÁN,ATOTONILCO EL GRANDE,3
HGIMB001003,ELOXOCHITLAN,METZTITLÁN,ELOXOCHITLÁN,1
HGIMB001015,IZTACAPA,METZTITLÁN,ELOXOCHITLÁN,1
HGIMB001020,SAN JUAN AMAJAQUE,METZTITLÁN,ELOXOCHITLÁN,1
HGIMB001744,SANTA MARÍA,METZTITLÁN,JUÁREZ HIDALGO,1
HGIMB004836,SAN NICOLÁS COATZONTLA,METZTITLÁN,JUÁREZ HIDALGO,1
HGIMB001802,METZTITLAN,METZTITLÁN,METZTITLÁN,1
HGIMB001814,EL CARRIZAL,METZTITLÁN,METZTITLÁN,1
HGIMB001826,ITZTAZACUALA,METZTITLÁN,METZTITLÁN,1
HGIMB001831,LA MESA GRANDE,METZTITLÁN,METZTITLÁN,1
HGIMB001843,EL PEDREGAL DE ZARAGOZA,METZTITLÁN,METZTITLÁN,1
HGIMB001855,EL PIRU TEPOZOTLAN,METZTITLÁN,METZTITLÁN,1
HGIMB001860,SAN CRISTÓBAL,METZTITLÁN,METZTITLÁN,1
HGIMB001872,SANTA MONICA AUTEMPA,METZTITLÁN,METZTITLÁN,1
HGIMB001884,TLAXCO,METZTITLÁN,METZTITLÁN,1
HGIMB004952,HOSPITAL IMSS BIENESTAR METZTITLÁN,METZTITLÁN,METZTITLÁN,2
HGIMB005220,CARAVANA 1 METZTITLÁN,METZTITLÁN,METZTITLÁN,3
HGIMB005232,CARAVANA 2 METZTITLÁN,METZTITLÁN,METZTITLÁN,3
HGIMB004853,CENTRO DE SALUD RURAL DE SAN AGUSTÍN METZQUITITLAN,METZTITLÁN,SAN AGUSTÍN METZQUITITLÁN,1
HGIMB003342,TIANGUISTENGO,METZTITLÁN,TIANGUISTENGO,1
HGIMB003354,ATECOXCO,METZTITLÁN,TIANGUISTENGO,1
HGIMB003366,COAMELCO,METZTITLÁN,TIANGUISTENGO,1
HGIMB003371,TEXACAL,METZTITLÁN,TIANGUISTENGO,1
HGIMB003383,XOCHIMILCO,METZTITLÁN,TIANGUISTENGO,1
HGIMB005051,CARAVANA 5 TIANGUISTENGO,METZTITLÁN,TIANGUISTENGO,3
HGIMB003470,TLAHUILTEPA,METZTITLÁN,TLAHUILTEPA,1
HGIMB003482,AGUA DEL CUERVO,METZTITLÁN,TLAHUILTEPA,1
HGIMB003494,CERRO DEL AGUILA,METZTITLÁN,TLAHUILTEPA,1
HGIMB003506,SAN ANDRÉS MIRAFLORES,METZTITLÁN,TLAHUILTEPA,1
HGIMB003511,XILOCUATITLA EL PUERTO DE XILOCUATITLA,METZTITLÁN,TLAHUILTEPA,1
HGIMB004544,CENTRO DE SALUD CHICHICAXTLA,METZTITLÁN,TLAHUILTEPA,1
HGIMB003955,XOCHICOATLAN,METZTITLÁN,XOCHICOATLÁN,1
HGIMB003960,TLAXCOYA,METZTITLÁN,XOCHICOATLÁN,1
HGIMB004042,ZACUALTIPAN,METZTITLÁN,ZACUALTIPÁN DE ÁNGELES,1
HGIMB004054,COATLILA,METZTITLÁN,ZACUALTIPÁN DE ÁNGELES,1
HGIMB004066,JALAPA,METZTITLÁN,ZACUALTIPÁN DE ÁNGELES,1
HGIMB005046,CARAVANA 3 ZACUALTIPÁN,METZTITLÁN,ZACUALTIPÁN DE ÁNGELES,3
HGIMB001155,HUASCA,PACHUCA,HUASCA DE OCAMPO,1
HGIMB001896,MINERAL DEL CHICO,PACHUCA,MINERAL DEL CHICO,1
HGIMB001901,CAPULA,PACHUCA,MINERAL DEL CHICO,1
HGIMB001913,CARBONERAS,PACHUCA,MINERAL DEL CHICO,1
HGIMB001925,ESTANZUELA,PACHUCA,MINERAL DEL CHICO,1
HGIMB001930,SAN SEBASTIAN CAPULINES,PACHUCA,MINERAL DEL CHICO,1
HGIMB004976,BENITO JUÁREZ,PACHUCA,MINERAL DEL CHICO,1
HGIMB004631,CENTRO DE SALUD MINERAL DEL MONTE,PACHUCA,MINERAL DEL MONTE,1
HGIMB002176,OMITLAN,PACHUCA,OMITLÁN DE JUÁREZ,1
HGIMB002181,SAN ANTONIO EL PASO,PACHUCA,OMITLÁN DE JUÁREZ,1
HGIMB002292,CENTRO DE SALUD PIRACANTOS,PACHUCA,PACHUCA DE SOTO,1
HGIMB002304,HOSPITAL GENERAL PACHUCA,PACHUCA,PACHUCA DE SOTO,2
HGIMB002316,COLONIA AQUILES SERDÁN,PACHUCA,PACHUCA DE SOTO,1
HGIMB002321,COLONIA BUENOS AIRES,PACHUCA,PACHUCA DE SOTO,1
HGIMB002333,COLONIA CUAUHTÉMOC,PACHUCA,PACHUCA DE SOTO,1
HGIMB002345,COLONIA ROJO GÓMEZ,PACHUCA,PACHUCA DE SOTO,1
HGIMB002350,LA ALCANTARILLA,PACHUCA,PACHUCA DE SOTO,1
HGIMB002362,COLONIA EL ARBOLITO,PACHUCA,PACHUCA DE SOTO,1
HGIMB002374,COLONIA CUBITOS,PACHUCA,PACHUCA DE SOTO,1
HGIMB002386,COLONIA LA RAZA,PACHUCA,PACHUCA DE SOTO,1
HGIMB002391,ABRAHAM KANAN HUEBE,PACHUCA,PACHUCA DE SOTO,1
HGIMB002403,PACHUCA (DR. JESÚS DEL ROSAL),PACHUCA,PACHUCA DE SOTO,1
HGIMB002415,SAN MIGUEL EL CEREZO EL CEREZO,PACHUCA,PACHUCA DE SOTO,1
HGIMB002420,SANTIAGO TLAPACOYA,PACHUCA,PACHUCA DE SOTO,1
HGIMB004264,SANTA MARÍA MATILDE,PACHUCA,PACHUCA DE SOTO,1
HGIMB004474,GUADALUPE,PACHUCA,PACHUCA DE SOTO,1
HGIMB004573,HOSPITAL MATERNO INFANTIL,PACHUCA,PACHUCA DE SOTO,2
HGIMB004672,CENTRO DE SALUD RURAL HUIXMÍ,PACHUCA,PACHUCA DE SOTO,1
HGIMB004783,CENTRO DE SALUD LUZ DEL CARMEN,PACHUCA,PACHUCA DE SOTO,1
HGIMB005022,UNIDAD MÓVIL DENTAL PACHUCA,PACHUCA,PACHUCA DE SOTO,1
HGIMB005080,UNIDAD MÉDICA ASISTENCIAL PARA PACIENTES DE GRUPOS VULNERABLES,PACHUCA,PACHUCA DE SOTO,1
HGIMB005150,UNEME-DEDICAM,PACHUCA,PACHUCA DE SOTO,1
HGIMB005174,ALMACÉN CENTRAL,PACHUCA,PACHUCA DE SOTO,1
HGIMB005186,UNIDAD MÓVIL DE GERIATRIA,PACHUCA,PACHUCA DE SOTO,1
HGIMB005191,UNIDAD ESPECIALIZADA PARA LA PREVENCIÓN Y ATENCIÓN DE LA VIOLENCIA FAMILIAR,PACHUCA,PACHUCA DE SOTO,1
HGIMB005355,UNEME EC PACHUCA,PACHUCA,PACHUCA DE SOTO,1
HGIMB005360,CENTRO ESTATAL DE ATENCIÓN GERIÁTRICA INTEGRAL,PACHUCA,PACHUCA DE SOTO,4
HGIMB003395,TIZAYUCA,TIZAYUCA,TIZAYUCA,1
HGIMB003400,HUITZILA,TIZAYUCA,TIZAYUCA,1
HGIMB003412,EL CID,TIZAYUCA,TIZAYUCA,1
HGIMB003424,TEPOJACO,TIZAYUCA,TIZAYUCA,1
HGIMB003436,LAS PLAZAS,TIZAYUCA,TIZAYUCA,1
HGIMB005063,CENTRO REGIONAL DE DESARROLLO INFANTIL Y ESTIMULACIÓN TEMPRANA TIZAYUCA,TIZAYUCA,TIZAYUCA,4
HGIMB003704,TOLCAYUCA,TIZAYUCA,TOLCAYUCA,1
HGIMB004602,GENERAL FELIPE ANGELES LOS ANGELES,TIZAYUCA,TOLCAYUCA,1
HGIMB005034,VILLA OCARANZA,TIZAYUCA,TOLCAYUCA,2
HGIMB003272,TEZONTEPEC,TIZAYUCA,VILLA DE TEZONTEPEC,1
HGIMB003284,BENITO JUÁREZ,TIZAYUCA,VILLA DE TEZONTEPEC,1
HGIMB004071,ACAYUCA,TIZAYUCA,ZAPOTLÁN DE JUÁREZ,1
HGIMB004416,SAN PEDRO HUAQUILPAN,TIZAYUCA,ZAPOTLÁN DE JUÁREZ,1
HGIMB004906,ZAPOTLAN DE JUÁREZ,TIZAYUCA,ZAPOTLÁN DE JUÁREZ,1
HGIMB004083,ZEMPOALA,TIZAYUCA,ZEMPOALA,1
HGIMB004095,SAN GABRIEL AZTECA,TIZAYUCA,ZEMPOALA,1
HGIMB004100,SANTO TOMÁS,TIZAYUCA,ZEMPOALA,1
HGIMB004643,"CENTRO DE SALUD JAGÜEY DE TELLEZ ""ESTACIÓN TELLEZ""",TIZAYUCA,ZEMPOALA,1
HGIMB000414,ATITALAQUIA,TULA,ATITALAQUIA,1
HGIMB000426,TLAMACO,TULA,ATITALAQUIA,1
HGIMB004194,COL.DENDHO,TULA,ATITALAQUIA,1
HGIMB004206,TABLON,TULA,ATITALAQUIA,1
HGIMB004684,CARDONAL,TULA,ATITALAQUIA,1
HGIMB004696,TEZOQUIPA,TULA,ATITALAQUIA,1
HGIMB004882,CSR BARRIO DENDHO,TULA,ATITALAQUIA,1
HGIMB000525,ATOTONILCO DE TULA,TULA,ATOTONILCO DE TULA,1
HGIMB000530,PROGRESO EL DE ATOTONILCO DE TULA,TULA,ATOTONILCO DE TULA,1
HGIMB000542,EL REFUGIO,TULA,ATOTONILCO DE TULA,1
HGIMB000554,VITO,TULA,ATOTONILCO DE TULA,1
HGIMB000851,CHAPANTONGO,TULA,CHAPANTONGO,1
HGIMB000863,SAN BARTOLO OZOCALPAN,TULA,CHAPANTONGO,1
HGIMB000875,TLAUNILOLPAN,TULA,CHAPANTONGO,1
HGIMB004235,ZIMAPANTONGO,TULA,CHAPANTONGO,1
HGIMB002123,NOPALA,TULA,NOPALA DE VILLAGRÁN,1
HGIMB002135,BATHA,TULA,NOPALA DE VILLAGRÁN,1
HGIMB002140,JAGUEY,TULA,NOPALA DE VILLAGRÁN,1
HGIMB002152,S. SEBASTIAN TENOCH,TULA,NOPALA DE VILLAGRÁN,1
HGIMB002164,SAN SEBASTIAN JUÁREZ,TULA,NOPALA DE VILLAGRÁN,1
HGIMB003156,TLAXINACALPAN TEPEJI DE OCAMPO,TULA,TEPEJI DEL RÍO DE OCAMPO,1
HGIMB003161,MELCHOR OCAMPO EL SALTO,TULA,TEPEJI DEL RÍO DE OCAMPO,1
HGIMB003173,SAN IGNACIO NOPALA,TULA,TEPEJI DEL RÍO DE OCAMPO,1
HGIMB003185,SAN ILDEFONSO,TULA,TEPEJI DEL RÍO DE OCAMPO,1
HGIMB003190,SANTA MARÍA QUELITES,TULA,TEPEJI DEL RÍO DE OCAMPO,1
HGIMB003202,SANTIAGO TLAPANALOYA,TULA,TEPEJI DEL RÍO DE OCAMPO,1
HGIMB004981,SANTA MARÍA MAGDALENA,TULA,TEPEJI DEL RÍO DE OCAMPO,1
HGIMB003214,TEPETITLAN,TULA,TEPETITLÁN,1
HGIMB003226,GENERAL PEDRO MARÍA ANAYA,TULA,TEPETITLÁN,1
HGIMB003231,JOSÉ MARÍA PINO SUÁREZ,TULA,TEPETITLÁN,1
HGIMB003243,SAN PEDRO NEXTLALPAN,TULA,TEPETITLÁN,1
HGIMB003255,TETEPANGO,TULA,TETEPANGO,1
HGIMB003260,ULAPA DE MELCHOR OCAMPO,TULA,TETEPANGO,1
HGIMB003296,TEZONTEPEC,TULA,TEZONTEPEC DE ALDAMA,1
HGIMB003301,SANTIAGO ACAYUTLAN,TULA,TEZONTEPEC DE ALDAMA,1
HGIMB003313,ATENGO,TULA,TEZONTEPEC DE ALDAMA,1
HGIMB003325,SANTA MARÍA BATHA,TULA,TEZONTEPEC DE ALDAMA,1
HGIMB003330,TENANGO,TULA,TEZONTEPEC DE ALDAMA,1
HGIMB004322,HUITEL,TULA,TEZONTEPEC DE ALDAMA,1
HGIMB004334,PRESAS,TULA,TEZONTEPEC DE ALDAMA,1
HGIMB004346,MANGAS,TULA,TEZONTEPEC DE ALDAMA,1
HGIMB004351,SAN GABRIEL,TULA,TEZONTEPEC DE ALDAMA,1
HGIMB004450,ACHICHILCO,TULA,TEZONTEPEC DE ALDAMA,1
HGIMB004491,LA CRUZ,TULA,TEZONTEPEC DE ALDAMA,1
HGIMB003441,TLAHUELILPAN,TULA,TLAHUELILPAN,1
HGIMB003453,MUNITEPEC DE MADERO,TULA,TLAHUELILPAN,1
HGIMB003465,COLONIA CUAUHTÉMOC,TULA,TLAHUELILPAN,1
HGIMB004486,COLONIA CERRO DE LA CRUZ,TULA,TLAHUELILPAN,1
HGIMB003675,TLAXCOAPAN,TULA,TLAXCOAPAN,1
HGIMB003680,DOXEY,TULA,TLAXCOAPAN,1
HGIMB003692,TELTIPAN DE JUÁREZ,TULA,TLAXCOAPAN,1
HGIMB003716,TULA DE ALLENDE,TULA,TULA DE ALLENDE,1
HGIMB003721,XITEJE DE ZAPATA,TULA,TULA DE ALLENDE,1
HGIMB003733,HÉROES CARRANZA,TULA,TULA DE ALLENDE,1
HGIMB003745,EL LLANO PRIMERA SECCIÓN,TULA,TULA DE ALLENDE,1
HGIMB003750,MICHIMALOYA,TULA,TULA DE ALLENDE,1
HGIMB003762,BOMINTZHA,TULA,TULA DE ALLENDE,1
HGIMB003774,XITHEJE DE REFORMA,TULA,TULA DE ALLENDE,1
HGIMB003786,SAN ANDRÉS TULTEPEC,TULA,TULA DE ALLENDE,1
HGIMB003791,SAN MIGUEL DE LAS PIEDRAS PRIMERA SECCIÓN,TULA,TULA DE ALLENDE,1
HGIMB003803,SAN MIGUEL VINDHO,TULA,TULA DE ALLENDE,1
HGIMB003815,SAN PEDRITO ALPUYECA,TULA,TULA DE ALLENDE,1
HGIMB003820,SANTA ANA AHUEHUEPAN,TULA,TULA DE ALLENDE,1
HGIMB003832,XOCHITLAN DE LAS FLORES,TULA,TULA DE ALLENDE,1
HGIMB004363,SAN FRANCISCO BOJAY,TULA,TULA DE ALLENDE,1
HGIMB004375,SAN MARCOS,TULA,TULA DE ALLENDE,1
HGIMB004380,COLONIA ITURBE,TULA,TULA DE ALLENDE,1
HGIMB004392,COLONIA EL MONTECILLO,TULA,TULA DE ALLENDE,1
HGIMB004462,PUEBLO NUEVO JASSO,TULA,TULA DE ALLENDE,1
HGIMB004824,HOSPITAL GENERAL TULA,TULA,TULA DE ALLENDE,2
HGIMB005396,UNEME ENFERMEDADES CRÓNICAS TULA,TULA,TULA DE ALLENDE,1
HGIMB000011,ACATLÁN,TULANCINGO,ACATLÁN,1
HGIMB000023,ALCHOLOYA EL SALTO,TULANCINGO,ACATLÁN,1
HGIMB000035,SAN BARTOLO,TULANCINGO,ACATLÁN,1
HGIMB000040,SAN DIONISIO,TULANCINGO,ACATLÁN,1
HGIMB000052,COL. 28 DE MAYO SANTA ROSA,TULANCINGO,ACATLÁN,1
HGIMB000064,ACAXOCHITLÁN,TULANCINGO,ACAXOCHITLÁN,1
HGIMB000076,LA MESA,TULANCINGO,ACAXOCHITLÁN,1
HGIMB000081,LOS REYES,TULANCINGO,ACAXOCHITLÁN,1
HGIMB000093,SAN MATEO,TULANCINGO,ACAXOCHITLÁN,1
HGIMB000105,SAN MIGUEL EL RESGATE,TULANCINGO,ACAXOCHITLÁN,1
HGIMB000110,SAN PEDRO TLACHICHILCO,TULANCINGO,ACAXOCHITLÁN,1
HGIMB000122,TLAMIMILOLPA,TULANCINGO,ACAXOCHITLÁN,1
HGIMB000134,ZACACUAUTLA,TULANCINGO,ACAXOCHITLÁN,1
HGIMB000146,CHIMALAPA,TULANCINGO,ACAXOCHITLÁN,1
HGIMB005372,CARAVANA 2 ACAXOCHITLÁN,TULANCINGO,ACAXOCHITLÁN,3
HGIMB005483,CARAVANA 1 ACAXOCHITLÁN,TULANCINGO,ACAXOCHITLÁN,3
HGIMB000262,AGUA BLANCA ITURBIDE,TULANCINGO,AGUA BLANCA DE ITURBIDE,1
HGIMB000274,CHICHICAXTLE,TULANCINGO,AGUA BLANCA DE ITURBIDE,1
HGIMB000286,EJIDO DE PALIZAR,TULANCINGO,AGUA BLANCA DE ITURBIDE,1
HGIMB005314,CARAVANA 2 AGUA BLANCA DE ITURBIDE,TULANCINGO,AGUA BLANCA DE ITURBIDE,3
HGIMB000776,CUAUTEPEC DE HINOJOSA,TULANCINGO,CUAUTEPEC DE HINOJOSA,1
HGIMB000781,EL CAPULIN,TULANCINGO,CUAUTEPEC DE HINOJOSA,1
HGIMB000793,HUEYAPITA,TULANCINGO,CUAUTEPEC DE HINOJOSA,1
HGIMB000805,LAS PUENTES,TULANCINGO,CUAUTEPEC DE HINOJOSA,1
HGIMB000810,SANTA MARÍA NATIVITAS,TULANCINGO,CUAUTEPEC DE HINOJOSA,1
HGIMB000822,TECOCOMULCO,TULANCINGO,CUAUTEPEC DE HINOJOSA,1
HGIMB000834,ALMOLOYA,TULANCINGO,CUAUTEPEC DE HINOJOSA,1
HGIMB000846,LA CAÑADA,TULANCINGO,CUAUTEPEC DE HINOJOSA,1
HGIMB004223,TEPANTITLA,TULANCINGO,CUAUTEPEC DE HINOJOSA,1
HGIMB001266,HUEHUETLA,TULANCINGO,HUEHUETLA,1
HGIMB001271,LA ESPERANZA NUMERO UNO,TULANCINGO,HUEHUETLA,1
HGIMB001283,EL PARAÍSO,TULANCINGO,HUEHUETLA,1
HGIMB001295,SAN AMBROSIO,TULANCINGO,HUEHUETLA,1
HGIMB004841,HOSPITAL BÁSICO COMUNITARIO HUEHUETLA,TULANCINGO,HUEHUETLA,2
HGIMB004964,CS SAN LORENZO ACHIOTEPEC,TULANCINGO,HUEHUETLA,1
HGIMB005326,CARAVANA 1 HUEHUETLA,TULANCINGO,HUEHUETLA,3
HGIMB001790,METEPEC,TULANCINGO,METEPEC,1
HGIMB002572,HOSPITAL REGIONAL OTOMI TEPEHUA,TULANCINGO,SAN BARTOLO TUTOTEPEC,2
HGIMB002584,SAN ANDRÉS,TULANCINGO,SAN BARTOLO TUTOTEPEC,1
HGIMB002596,SAN MATEO,TULANCINGO,SAN BARTOLO TUTOTEPEC,1
HGIMB002601,SANTA CRUZ,TULANCINGO,SAN BARTOLO TUTOTEPEC,1
HGIMB002613,SANTIAGO,TULANCINGO,SAN BARTOLO TUTOTEPEC,1
HGIMB004742,CENTRO DE SALUD SAN BARTOLO TUTOTEPEC,TULANCINGO,SAN BARTOLO TUTOTEPEC,1
HGIMB005075,CENTRO REGIONAL DE DESARROLLO INFANTIL Y ESTIMULACIÓN TEMPRANA SAN BARTOLO TUTOTEPEC,TULANCINGO,SAN BARTOLO TUTOTEPEC,4
HGIMB005145,CARAVANA SAN BARTOLO ZONA SUR,TULANCINGO,SAN BARTOLO TUTOTEPEC,3
HGIMB005331,CARAVANA 3 SAN BARTOLO TUTOTEPEC,TULANCINGO,SAN BARTOLO TUTOTEPEC,3
HGSSA018163,CARAVANA 5 SAN BARTOLO TUTOTEPEC,TULANCINGO,SAN BARTOLO TUTOTEPEC,3
HGIMB002794,SANTIAGO TULANTEPEC DE LUGO GUERRERO,TULANCINGO,SANTIAGO TULANTEPEC DE LUGO GUERRERO,1
HGIMB002806,EL PEDREGAL DE SAN JOSÉ,TULANCINGO,SANTIAGO TULANTEPEC DE LUGO GUERRERO,1
HGIMB005005,HOSPITAL GENERAL DE TULANCINGO,TULANCINGO,SANTIAGO TULANTEPEC DE LUGO GUERRERO,2
HGIMB002951,TENANGO DE DORIA,TULANCINGO,TENANGO DE DORIA,1
HGIMB002963,EL BOPO,TULANCINGO,TENANGO DE DORIA,1
HGIMB002975,SAN PABLO EL GRANDE,TULANCINGO,TENANGO DE DORIA,1
HGIMB002980,SANTA MARÍA TEMAXCALAPA,TULANCINGO,TENANGO DE DORIA,1
HGIMB005343,CARAVANA 4 TENANGO DE DORIA,TULANCINGO,TENANGO DE DORIA,3
HGIMB003844,TULANCINGO,TULANCINGO,TULANCINGO DE BRAVO,1
HGIMB003856,HUAJOMULCO,TULANCINGO,TULANCINGO DE BRAVO,1
HGIMB003861,SANTA ANA HUEYTLALPAN,TULANCINGO,TULANCINGO DE BRAVO,1
HGIMB003873,SANTA MARÍA ASUNCIÓN,TULANCINGO,TULANCINGO DE BRAVO,1
HGIMB003885,JAVIER ROJO GÓMEZ,TULANCINGO,TULANCINGO DE BRAVO,1
HGIMB003890,EJIDO EL PARAÍSO,TULANCINGO,TULANCINGO DE BRAVO,1
HGIMB004404,NICOLÁS BRAVO,TULANCINGO,TULANCINGO DE BRAVO,1
HGIMB000880,CHAPULHUACAN,ZIMAPÁN,CHAPULHUACÁN,1
HGIMB000892,CAHUAZAS HACIENDA DE CAHUAZAS,ZIMAPÁN,CHAPULHUACÁN,1
HGIMB000904,MIAHUATLA,ZIMAPÁN,CHAPULHUACÁN,1
HGIMB000916,SAN RAFAEL,ZIMAPÁN,CHAPULHUACÁN,1
HGIMB000921,SANTA ANA DE ALLENDE,ZIMAPÁN,CHAPULHUACÁN,1
HGIMB000933,SAUCILLO SAUCILLO AGUA NUEVA,ZIMAPÁN,CHAPULHUACÁN,1
HGIMB000945,SOLEDAD DEL COYOL,ZIMAPÁN,CHAPULHUACÁN,1
HGIMB005244,CARAVANA 1 CHAPULHUACAN,ZIMAPÁN,CHAPULHUACÁN,3
HGIMB001686,HOSPITAL INTEGRAL JACALA,ZIMAPÁN,JACALA DE LEDEZMA,2
HGIMB001691,JACALA,ZIMAPÁN,JACALA DE LEDEZMA,1
HGIMB001703,COÑECITO,ZIMAPÁN,JACALA DE LEDEZMA,1
HGIMB001715,QUETZALAPA,ZIMAPÁN,JACALA DE LEDEZMA,1
HGIMB001720,SANTO DOMINGO,ZIMAPÁN,JACALA DE LEDEZMA,1
HGIMB001942,LA MISION,ZIMAPÁN,LA MISIÓN,1
HGIMB001954,JACALILLA,ZIMAPÁN,LA MISIÓN,1
HGIMB004660,PUERTO DE NARANJOS,ZIMAPÁN,LA MISIÓN,1
HGIMB005256,CARAVANA 2 LA MISIÓN,ZIMAPÁN,LA MISIÓN,3
HGIMB002082,NICOLÁS FLORES,ZIMAPÁN,NICOLÁS FLORES,1
HGIMB002094,EL BOCUA,ZIMAPÁN,NICOLÁS FLORES,1
HGIMB002106,ITATLAXCO,ZIMAPÁN,NICOLÁS FLORES,1
HGIMB002111,TAXHAY,ZIMAPÁN,NICOLÁS FLORES,1
HGIMB005442,CARAVANA 2 NICOLÁS FLORES,ZIMAPÁN,NICOLÁS FLORES,3
HGIMB002263,JILIAPAN,ZIMAPÁN,PACULA,1
HGIMB002275,POTRERILLOS,ZIMAPÁN,PACULA,1
HGIMB002280,SANTA MARÍA MIRAFLORES,ZIMAPÁN,PACULA,1
HGIMB002432,PISAFLORES,ZIMAPÁN,PISAFLORES,1
HGIMB002444,GARGANTILLA,ZIMAPÁN,PISAFLORES,1
HGIMB002456,GUAYABOS,ZIMAPÁN,PISAFLORES,1
HGIMB002461,LA PEÑA,ZIMAPÁN,PISAFLORES,1
HGIMB005261,CARAVANA 3 PISAFLORES,ZIMAPÁN,PISAFLORES,3
HGIMB004112,ZIMAPAN,ZIMAPÁN,ZIMAPÁN,1
HGIMB004124,AGUAS BLANCAS,ZIMAPÁN,ZIMAPÁN,1
HGIMB004136,EL CERROTE,ZIMAPÁN,ZIMAPÁN,1
HGIMB004141,LA ENCARNACIÓN,ZIMAPÁN,ZIMAPÁN,1
HGIMB004153,FRANCISCO I MADERO GUADALUPE,ZIMAPÁN,ZIMAPÁN,1
HGIMB004165,LÁZARO CÁRDENAS REMEDIOS,ZIMAPÁN,ZIMAPÁN,1
HGIMB004170,PUERTO JUÁREZ,ZIMAPÁN,ZIMAPÁN,1
HGIMB004561,HOSPITAL ZIMAPÁN,ZIMAPÁN,ZIMAPÁN,2
HGIMB005273,CARAVANA 4 ZIMAPÁN,ZIMAPÁN,ZIMAPÁN,3
,,,,
,,,,

